Year,India,Brazil,Japan,United States
2000,62.749,69.584,81.0760975609756,76.6365853658537
2001,63.158,69.98,81.4163414634146,76.8365853658537
2002,63.649,70.396,81.6907317073171,76.9365853658537
2003,64.086,70.884,81.76,77.0365853658537
2004,64.484,71.361,82.030243902439,77.4878048780488
2005,64.939,71.832,81.9551219512195,77.4878048780488
2006,65.373,72.296,82.3219512195122,77.6878048780488
2007,65.803,72.73,82.5070731707317,77.9878048780488
2008,66.247,73.111,82.5875609756098,78.0390243902439
2009,66.7,73.457,82.9314634146342,78.390243902439
2010,67.162,73.779,82.8426829268293,78.5414634146342
2011,67.623,74.047,82.5912195121951,78.6414634146341
2012,68.076,74.335,83.0960975609756,78.7414634146342
2013,68.499,74.609,83.3319512195122,78.7414634146342
2014,68.932,74.823,83.5878048780488,78.8414634146341
2015,69.326,75.106,83.7939024390244,78.690243902439
2016,69.709,75.081,83.9848780487805,78.5390243902439
2017,70.068,75.383,84.099756097561,78.5390243902439
2018,70.415,75.633,84.2109756097561,78.6390243902439
2019,70.746,75.809,84.3563414634146,78.7878048780488
2020,70.156,74.506,84.56,76.9804878048781
2021,67.282,73.038,84.4456097560976,76.3292682926829
2022,71.698,74.872,83.9963414634146,77.4341463414634
2023,72.003,75.848,84.0412195121951,78.3853658536585
